{
  "live": {
    "mode": "live",
    "soundPre": "undefined",
    "firstSoundSec": 0.25109999999776483,
    "rmsPeak": 0.15427,
    "rmsAvg": 0.04118,
    "samples": 41,
    "series": [
      [
        0,
        0
      ],
      [
        1,
        0.0745
      ],
      [
        2.01,
        0.05283
      ],
      [
        3.01,
        0.01176
      ],
      [
        4.01,
        0.03859
      ],
      [
        5.02,
        0.01222
      ],
      [
        6.02,
        0.01777
      ],
      [
        7.03,
        0.06212
      ],
      [
        8.03,
        0.01194
      ],
      [
        9.04,
        0.01613
      ],
      [
        10.04,
        0.08615
      ]
    ],
    "recordInfo": {
      "idx": 0,
      "name": "still-life",
      "title": "Still Life",
      "seconds": 134.83297052154194,
      "count": 1,
      "tapeStopped": false
    },
    "stats": {
      "audio0": 0.14321995464852608,
      "rows": 200,
      "packets": 200,
      "moments": 0,
      "fired": 0,
      "held": 0
    },
    "ctxState": "running",
    "pass": true
  },
  "replay": {
    "firstSoundSec": 0.25060000000149013,
    "rmsPeak": 0.14581,
    "rmsAvg": 0.0422,
    "samples": 41,
    "series": [
      [
        0,
        0
      ],
      [
        1.01,
        0.03568
      ],
      [
        2.02,
        0.07564
      ],
      [
        3.02,
        0.01299
      ],
      [
        4.02,
        0.03304
      ],
      [
        5.03,
        0.01193
      ],
      [
        6.04,
        0.01722
      ],
      [
        7.04,
        0.05478
      ],
      [
        8.05,
        0.01215
      ],
      [
        9.05,
        0.0143
      ],
      [
        10.05,
        0.07263
      ]
    ],
    "recordInfo": {
      "idx": 0,
      "name": "still-life",
      "title": "Still Life",
      "seconds": 134.83297052154194,
      "count": 1,
      "tapeStopped": false
    },
    "stats": {
      "audio0": 0.1548299319727891,
      "rows": 1601,
      "packets": 1601,
      "moments": 1,
      "fired": 1,
      "held": 0
    },
    "ctxState": "running",
    "pass": true
  },
  "consoleErrors": [],
  "pass": true
}
