{
 "res": [
  2560,
  1600
 ],
 "reelL": [
  0.53239,
  0.05796,
  0.27204,
  0.43679
 ],
 "reelR": [
  0.14376,
  0.05796,
  0.27204,
  0.43679
 ],
 "vu": [
  0.69772,
  0.56508,
  0.16584,
  0.12184
 ],
 "vu_pivot": [
  0.78058,
  0.68328
 ],
 "recorder": [
  0.24506,
  0.75258,
  0.45889,
  0.1451
 ],
 "eye": [
  0.43232,
  0.56536,
  0.08428,
  0.13413
 ],
 "counter": [
  0.56903,
  0.59837,
  0.06666,
  0.05701
 ],
 "lamp_ask": [
  0.36985,
  0.5685,
  0.03979,
  0.0194
 ],
 "lamp_done": [
  0.37002,
  0.62157,
  0.03974,
  0.01936
 ],
 "lamp_main": [
  0.37019,
  0.6745,
  0.03969,
  0.01931
 ],
 "rec_jewel": [
  0.47393,
  -0.00283
 ],
 "nameplate": [
  0.36711,
  0.94288,
  0.13289,
  0.02697
 ],
 "key_prev": [
  0.53178,
  0.94629,
  0.04327,
  0.0265
 ],
 "key_next": [
  0.59026,
  0.94629,
  0.04331,
  0.0265
 ],
 "dub_key": [
  0.30149,
  0.5944,
  0.05402,
  0.06518
 ],
 "dub_tags": [
  0.27479,
  0.58186,
  0.01582,
  0.08952
 ],
 "deck_zone": [
  0.096,
  0.03272,
  0.75587,
  0.47848
 ],
 "play_dome": [
  0.10534,
  0.62147,
  0.041,
  0.06522
 ],
 "guideL": [
  0.58755,
  0.47614,
  0.03761,
  0.06005
 ],
 "guideR": [
  0.32296,
  0.47614,
  0.03762,
  0.06005
 ],
 "band_run": [
  0.34268,
  0.47885,
  0.26306,
  0.01133
 ]
}