{
 "_camera_a": {
  "loc": [
   -0.2,
   12.6,
   0.3
  ],
  "lens": 58.0,
  "tgt": [
   -0.2,
   0.05,
   -0.5
  ],
  "dof": false,
  "shift_y": -0.10995,
  "frame": [
   1.34,
   -4.09
  ],
  "res": [
   1280,
   888
  ]
 },
 "_camera_b": {
  "loc": [
   -0.2,
   12.6,
   -7.8
  ],
  "lens": 58.0,
  "tgt": [
   -0.2,
   0.05,
   -8.6
  ],
  "dof": false,
  "shift_y": 0.10804,
  "frame": [
   -4.09,
   -11.6
  ],
  "res": [
   1280,
   1229
  ]
 },
 "_law": "\u6b65\u4e8c\u7ec8\u6e32\u5951\u7ea6\uff08\u6784\u56fe\u7a3f\u8fc7\u95f8 2026-07-14\uff09\uff1ablockout \u76f8\u673a\u5373\u6700\u7ec8\u76f8\u673a\u00b7\u4e0d\u5f97\u6f02\u79fb\u4e00\u50cf\u7d20",
 "res": [
  2560,
  1776
 ],
 "reelL": [
  0.53239,
  -0.05672,
  0.27204,
  0.3935
 ],
 "reelR": [
  0.14376,
  -0.05672,
  0.27204,
  0.3935
 ],
 "vu": [
  0.62756,
  0.40015,
  0.16584,
  0.10976
 ],
 "vu_pivot": [
  0.71043,
  0.50663
 ],
 "recorder": [
  0.24506,
  0.56906,
  0.45889,
  0.13073
 ],
 "eye": [
  0.43232,
  0.40039,
  0.08428,
  0.12084
 ],
 "counter": [
  0.77716,
  0.29554,
  0.06717,
  0.04805
 ],
 "lamp_ask": [
  0.36729,
  0.40322,
  0.03979,
  0.01749
 ],
 "lamp_done": [
  0.36746,
  0.45104,
  0.03974,
  0.01743
 ],
 "lamp_main": [
  0.36764,
  0.49872,
  0.03969,
  0.0174
 ],
 "selector": [
  0.24122,
  0.3863,
  0.10249,
  0.14695
 ],
 "selector_knob": [
  0.25403,
  0.40474,
  0.07687,
  0.11021
 ],
 "rec_jewel": [
  0.47406,
  0.06609
 ],
 "nameplate": [
  0.36711,
  0.74051,
  0.13289,
  0.02429
 ],
 "key_prev": [
  0.53178,
  0.74358,
  0.04327,
  0.02387
 ],
 "key_next": [
  0.59026,
  0.74358,
  0.04331,
  0.02387
 ],
 "dub_key": [
  0.18744,
  0.71466,
  0.05378,
  0.0578
 ],
 "dub_tags": [
  0.10452,
  0.71585,
  0.07015,
  0.05412
 ],
 "deck_zone": [
  0.09685,
  -0.00187,
  0.75428,
  0.35347
 ],
 "lip": [
  -0.10878,
  0.82022,
  1.16575,
  0.0917
 ],
 "flap": [
  0.6349,
  0.73421,
  0.2041,
  0.05161
 ],
 "guideL": [
  0.58755,
  0.32002,
  0.03761,
  0.0541
 ],
 "guideR": [
  0.32296,
  0.32002,
  0.03762,
  0.0541
 ],
 "band_run": [
  0.34268,
  0.32246,
  0.26306,
  0.0102
 ],
 "_lib_zones_in_b": {
  "lib_shelf0": [
   -0.09405,
   -0.07996,
   1.1353,
   0.15402
  ],
  "lib_shelf1": [
   -0.08883,
   0.15734,
   1.12532,
   0.15133
  ],
  "lib_shelf2": [
   -0.08371,
   0.3905,
   1.11553,
   0.14871
  ],
  "shoebox_zone": [
   -0.04532,
   0.79011,
   0.9608,
   0.1068
  ]
 }
}