{
  "live": {
    "mode": "live",
    "soundPre": "undefined",
    "firstSoundSec": 0.25209999999962746,
    "rmsPeak": 0.08479,
    "rmsAvg": 0.05947,
    "samples": 41,
    "series": [
      [
        0,
        0
      ],
      [
        1.01,
        0.07452
      ],
      [
        2.01,
        0.07757
      ],
      [
        3.01,
        0.06294
      ],
      [
        4.02,
        0.06749
      ],
      [
        5.02,
        0.0504
      ],
      [
        6.03,
        0.08479
      ],
      [
        7.04,
        0.05747
      ],
      [
        8.04,
        0.0618
      ],
      [
        9.05,
        0.07179
      ],
      [
        10.05,
        0.06876
      ]
    ],
    "recordInfo": null,
    "stats": {
      "audio0": 0.14321995464852608,
      "rows": 200,
      "packets": 200,
      "moments": 0,
      "fired": 0,
      "held": 0
    },
    "ctxState": "running",
    "pass": true
  },
  "replay": {
    "firstSoundSec": 0.2532999999988824,
    "rmsPeak": 0.08965,
    "rmsAvg": 0.05928,
    "samples": 41,
    "series": [
      [
        0,
        0
      ],
      [
        1.01,
        0.04473
      ],
      [
        2.01,
        0.05801
      ],
      [
        3.02,
        0.0524
      ],
      [
        4.02,
        0.06421
      ],
      [
        5.03,
        0.06881
      ],
      [
        6.03,
        0.05173
      ],
      [
        7.04,
        0.05919
      ],
      [
        8.04,
        0.08484
      ],
      [
        9.05,
        0.05216
      ],
      [
        10.06,
        0.06275
      ]
    ],
    "recordInfo": null,
    "stats": {
      "audio0": 0.16063492063492063,
      "rows": 1602,
      "packets": 1602,
      "moments": 1,
      "fired": 1,
      "held": 0
    },
    "ctxState": "running",
    "pass": true
  },
  "consoleErrors": [],
  "pass": true
}
