t,emitT,seq,verb,outcome,m,tags,special,sig,k,clearedBy,slot
41466,41466,549,OTHER,OK,0.300000,,,s25039d63,,,38839b78
48617,48617,550,WRITE,FAIL,0.500000,,,se471e472,,,5aae921e
51055,51055,551,WRITE,FAIL,0.500000,,,se471e472,,,5aae921e
54987,54987,552,WRITE,FAIL,0.500000,,,se471e472,,,5aae921e
54987,54987,-1,WRITE,FAIL,0.500000,,STUCK_LOOP,se471e472,2,,5aae921e
58019,58019,553,WRITE,OK,0.258893,,,s087e559e,,,f4020466
64877,64877,554,WRITE,OK,0.313018,,,s087e559e,,,f4020466
67220,67220,555,WRITE,OK,0.111499,,,s087e559e,,,f4020466
70910,70910,556,WRITE,OK,0.313018,,,s087e559e,,,f4020466
89219,89219,557,READ,OK,0.374290,,,s1d76b935,,,b6e6da5b
105008,105008,558,WRITE,OK,0.222999,,,s087e559e,,,5aae921e
105008,105008,-1,OTHER,NA,0.000000,,STUCK_CLEARED,se471e472,,ok,5aae921e
105008,105008,-1,WRITE,OK,0.222999,,RESOLVE,,,,
105450,105450,559,WRITE,OK,0.176722,,,s087e559e,,,5aae921e
109421,109421,560,WRITE,OK,0.258893,,,s087e559e,,,5aae921e
129027,129027,561,WRITE,OK,0.176722,,,s087e559e,,,7a8166ce
140774,140774,562,WRITE,OK,0.473641,,,s087e559e,,,7a8166ce
141815,141815,563,RUN,OK,0.041293,,,s636ffe63,,,7a388e8a
189443,189443,564,WRITE,FAIL,0.585140,,,se471e472,,,364ada60
205696,205696,565,WRITE,FAIL,0.580850,,,se471e472,,,364ada60
216588,216588,566,READ,OK,0.378499,,,s1d76b935,,,793700ed
