{
  "live": {
    "mode": "live",
    "soundPre": "undefined",
    "firstSoundSec": 0.25169999999925496,
    "rmsPeak": 0.07219,
    "rmsAvg": 0.05614,
    "samples": 41,
    "series": [
      [
        0,
        0
      ],
      [
        1,
        0.04734
      ],
      [
        2.01,
        0.0665
      ],
      [
        3.01,
        0.06254
      ],
      [
        4.02,
        0.059
      ],
      [
        5.02,
        0.05301
      ],
      [
        6.03,
        0.05655
      ],
      [
        7.04,
        0.05671
      ],
      [
        8.04,
        0.06136
      ],
      [
        9.04,
        0.06175
      ],
      [
        10.05,
        0.06749
      ]
    ],
    "recordInfo": null,
    "stats": {
      "audio0": 0.12580498866213152,
      "rows": 201,
      "packets": 201,
      "moments": 0,
      "fired": 0,
      "held": 0
    },
    "ctxState": "running",
    "pass": true
  },
  "replay": {
    "firstSoundSec": 0.25530000000074504,
    "rmsPeak": 0.07735,
    "rmsAvg": 0.05879,
    "samples": 41,
    "series": [
      [
        0,
        0
      ],
      [
        1.01,
        0.04313
      ],
      [
        2.01,
        0.07114
      ],
      [
        3.02,
        0.06947
      ],
      [
        4.03,
        0.059
      ],
      [
        5.03,
        0.05858
      ],
      [
        6.04,
        0.0614
      ],
      [
        7.05,
        0.05863
      ],
      [
        8.06,
        0.06221
      ],
      [
        9.06,
        0.05994
      ],
      [
        10.07,
        0.06204
      ]
    ],
    "recordInfo": null,
    "stats": {
      "audio0": 0.1490249433106576,
      "rows": 1605,
      "packets": 1605,
      "moments": 1,
      "fired": 1,
      "held": 0
    },
    "ctxState": "running",
    "pass": true
  },
  "consoleErrors": [],
  "pass": true
}
